path,labels
train\Voice787.wav,देशका नागरिकले गर्नुपर्ने कामहरू देशका विकासमा धेरै असर पार्ने गर्छन्।
train\Voice103.wav,"उसले बैनीलाई राखेर भन्यो- बैनी, तिमीले पढ्नु पनि पर्छ ।"
train\Voice750.wav,यहाँ मन्दिरले मस्जिदको रिस गर्दैन भने गुम्बाले गिर्जाघरलाई गाली गर्दैन।
train\Voice929.wav,हामी नेपाली नेपाललाई अंग्रेजबाट मुक्त गराएर स्वच्छ बनाउने बिर योद्धा हो ।
train\Voice536.wav,एसियाका दुई ठुलो राष्ट्र भारत र चीनको बिचमा रहेको मेरो देश नेपाल रहेको छ।
train\Voice982.wav,कमिश्नरको बोली सुनियो कोठामा- अब बाहिर आउनुपर्यो  ।
train\Voice530.wav,कार्तिक कृष्णपक्षको त्रयोदशी तिथिका सुनसान अँधेरी रातमा घन्किएको मेरो चिच्याहाट सुनेर छिमेकीहरूलाई साथ दिइरहेकी एकछिनका लागि बेपत्ता भएकी थिइन।
train\Voice704.wav,कालगतिको नियमबाट आएन यो; न अकस्मात्‌  नै आयो ।
train\Voice66.wav,तिहारको पहिलो दिनलाई काग-तिहार भनिन्छ।
train\Voice948.wav,तिनीहरू केवल आवश्यकताका चीजहरू किन्न र ध्यान दिन्छन् कि उनीहरूलाई आफ्नो कामको मार्गमा असल मनुष्य बन्न र तिनीहरूको सामान देखाउन नसक्ने फोकस गर्छन्।
train\Voice612.wav,आज हरेक स्कुलमा पुस्तकालय ।
train\Voice833.wav,मैले भनें- मेरो त एउटा मात्र नाउँ छ ।
train\Voice776.wav,"म्याडम क्युरी, फलोरेन्स नाइटिङ्गेल, जुनको ताबेइ आदि यस्ता व्यक्तित्व हुन् जसले आफ्नो प्रतिभाको माध्यमबाट आफूलाई विश्वभर चिनाउन समर्थ भए र यिनी सबै नारी नै हुन् जसले शिक्षा पाएका थिए ।"
train\Voice156.wav,"अनि भैलो खेलेबापत घरमूलीले श्रद्धाले दिएका सेल, रुपैयाँ आदि लिई उनीहरू रमाउँछन्।"
train\Voice57.wav,देशको निर्माणमा र उन्नतिमा समाजको ठुलो योगदान रहेको छ भन्ने कुरा प्रत्यक नागरिकले दिलदिमागले बुझ्नुपर्छ।
train\Voice666.wav,"हो, आमालाई धेरै काम छ, मालमत्ताको राखनधरन गर्नु छ, उहाँलाई फुर्सत छैन ।"
train\Voice903.wav,र अनिवार्य भएमा मात्र अनिवार्य परिमाण प्रयोग होस्‌ ।
train\Voice639.wav,खाजा खानासाथ मलाई लिएर ग्राम दर्शनमा उ हिँडी ।
train\Voice804.wav,तिहार नेपालीहरूको ज्यादै रमाइलो र महत्त्वपूर्ण चाड हो।
train\Voice873.wav,दसौं लाख युक्रेनीलाई ऊर्जा र अन्य अत्यावश्यकीय सेवाबाट वञ्चित गरिरहेको छ ।
train\Voice875.wav,निश्चय पनि ‘ हरियो वन नेपालको धन’ हो।
train\Voice874.wav,कडा नियम बनाए पनि यस आधानिक युगमा नराम्रो मानिसले गर्दा समाज पछि पर्छन्।
train\Voice697.wav,"अनुशासन' शब्दले 'सामाजिक, नैतिक, धार्मिक, राजनैतिक आदि नियम-नियमावलीको मर्यादा र सो मर्यादाभित्र रहने काम भन्ने अर्थ बुझाउँछ, ।"
train\Voice31.wav,हामीले यसमा रहेको अर्थपूर्ण ज्ञानलाई मनले धारण गर्न सक्यो भने लक्ष्य र आकाङ्क्षा प्राप्त गर्न सक्छौ।
train\Voice150.wav,हामी सबै देशका र समाजका सच्चा नागरिक हौ भने यस्ता समस्यालाई मिलिजुली सुल्झाउनुपर्छ।
train\Voice724.wav,"तिनीहरू उनीहरूको वरिपरी मद्दत गर्न प्रयास गर्छन्, आफैलाई धैर्य कार्यमा समावेश गर्दछ।"
train\Voice840.wav,यस दिन मीठा-मीठा खाने कुरा दिई माला लगाई सिँगारपटार गरी कुकुरको पूजा गरिन्छ।
train\Voice559.wav,मैले भोलिपल्ट त्यही दिएर उसका प्रति आफ्नो आदर र कृतज्ञता ज्ञापन गर्न चाहेँ ।
train\Voice601.wav,नारी सम्बन्धित अप्रिय घटनाहरु को नब्बे प्रतिशत कारण नारी शिक्षाको कमी र नारी चेतनाको कमीले नै हुन्छ्न।
train\Voice106.wav,शर्मिला ।
train\Voice654.wav,पछिल्लो समय रुसले युक्रेनी ऊर्जा पूर्वाधारलाई लक्षित गरी आक्रमण तीव्र पारेको छ ।
train\Voice607.wav,यहाका मनमोहक प्राकृतिक दृश्य हेर्न पाउँदा विदेशी पर्यटकहरुको मन निकै आनन्दित हुन्छ।
train\Voice729.wav,नारी नुनिला आँसुका धारा खाएर अमृतमय दूध पिलाउन सक्ने नारी सृष्टिका संरक्षक हुन् ।
train\Voice587.wav,पुस्तकालयले हाम्रो जीवनलाई अर्थ दिने गर्छन।
train\Voice979.wav,पोखरी सानो थियो ।
train\Voice632.wav,"अर्कोतर्फ, ती व्यक्तिहरूले बुझ्नका लागि उनीहरूलाई मात्र उनीहरूको आवश्यकताहरूमा ध्यान केन्द्रित गर्नुपर्छ र हरेक भौतिकवादी ।"
train\Voice37.wav,फर्जी बिल बनाएर समेत इन्धनमा आर्थिक अनियमितता हुने गरेको ती कर्मचारीले बताए ।
train\Voice965.wav,"त्यसो हुनाले, चारैतिरबाट हरेस खाएर म आमाको पिठ्युमा टाँस्सिइरहेँ ।"
train\Voice636.wav,उहाँहरुले देशका लागि केही न केही योगदान दिएर गएका हन्।
train\Voice737.wav,अनि बडो मेहेनत गर्न थालेकी थिई पढ्नमा ।
train\Voice999.wav,"अनि स्वाभाविक स्थितिमा आएर उसले भनेकी थिई- तिमी कहिले- कहिले अनौठो व्यवहार गर्छौ, अनौठो कुरा गर्छौ ।"
train\Voice931.wav,"उसले भनी- होइन, तिमीलाई थाहा होइन होला ।"
train\Voice951.wav,नेपाल आमाका उर्वर कोखबाट समय-समयमा युगप्रवर्तक महानायकहरूको जन्म भएको छ र राष्ट्रियताको रथ हाँक्ने सारथिहरूको उदय भएको छ।
train\Voice910.wav,मानिसहरु पैसाका लागि धनी मान्छेहरुलाई लुटपाट गर्ने काम गर्छन ।
train\Voice531.wav,ति बिचरा साँच्चैका अवसर बाट वन्चित र अशिक्षित नारी को त्यहा उपस्थिती हुनेछ / भएको छ ।
train\Voice703.wav,घरका सबै आत्यधिक लाड प्यार पाएर म चाडै नै तङ्ग्रिन थाले अनि सबैका काख काखमा खेल्दै-रमाउँदै टुकुटुकु हिँड्न सक्ने भए।
train\Voice625.wav,"वासिङ्टन, किभ — अमेरिकाले इरानले रुसका लागि प्रमुख सैन्य सहयोगीका रूपमा भूमिका निर्वाह गरिरहेको दाबी गरेको छ ।"
train\Voice164.wav,"नारीहरु पीडित ,प्रताडित ,दलित ,दंशित हुनु रहनुमा अशिक्षा ,अवसरको कमी आदी ले भूमिका खेलेको छ् र म पनि मान्छु ।"
train\Voice522.wav,"कस्तो अनुद्धिगन छ उसको मन- एकदम भावनाशून्य भएको छ उसको हृदय- धोइएर, पुछिएर चोखो ।"
train\Voice2004.wav,आज मौसम बडो रमाइलो छ।
train\Voice658.wav,उस दिन बिहान गाइको पूजा गरिन्छ अनि राति घरघरमा दीपावली गरी धनकी देवी लक्ष्मीको पूजा गरिन्छ।
train\Voice15.wav,"लागि सञ्चारका माध्यमले अहम् भूमिका खेलेको छ, पत्रपत्रिकाको अभावमा व्यक्ति तथा राष्ट्रले राजनीति, खेलकुद, कृषि र अन्य कुराहरू थाहा पाउन सक्दैन ।"
train\Voice78.wav,"पशुपतिनाथ मन्दिर, दत्तात्रेय, तलेजु भवानी मन्दिर, कृष्णमण्डप, मनकामना मन्दिर आदि जस्ता मन्दिर र ती ठाउँक कलाकृति यहाँको शोभा बढाएका छन्।"
train\Voice670.wav,सरकारले कर तिराएर हामीलाई ठग्न काम गरिरहेको होइन।
train\Voice72.wav,बगेर खेर गइरहेको नदीमा बाँध बाँधेर विद्युत्ऊर्जा निकलेझैँ खेर गइरहेको युवा शक्तिलाई सुसङ्गठित पारी राष्ट्रिय विकासको अभियानमा पोख्न सकिन्छ ।
train\Voice675.wav,त्यसैले यो दिन तिहार चाडको निकै महत्त्वपूर्ण दिन हो।
train\Voice902.wav,उहाँहरुले प्रशस्त माया ममाथी खन्याउनुभएको थियो।
train\Voice138.wav,अस्ति हाम्रै गाउँकी मुनरियालाई वायु चढेको थियो ।
train\Voice35.wav,हामी वृक्ष वनस्पतिलाई पनि उनीहरूको उपकार सम्झी श्रद्धा गर्छौं।
train\Voice882.wav,त्यही बिलको कारणले ती व्यापारीहरूलाई धेरै कम कर तिर्नुपर्छ।
train\Voice848.wav,पुस्तकालयमा विभिन्न छेत्रका किताबहरु हुन्छन।
train\Voice170.wav,एउटा पुरानो मुद्दामा अख्तियारले विशेष अदालतमा मुद्दा दर्ता गरेपछि असारको अन्तमा उनी निलम्बनमा परेका थिए ।
train\Voice789.wav,पर्वतारोहण एउटा साहसिक कार्य हो।
train\Voice42.wav,यसबारेमा कार्यवाहक नगरप्रमुख प्रविन र प्रमुख प्रशासकीय अधिकृत विनयकुमार सोनु सम्पर्कमा आउन चाहेनन् ।
train\Voice836.wav,किशोर फेरि तस्वीर हेरेको जस्तै मनको चिसो आँखाले कलेजका साथीहरूलाई हेर्न थाल्थ्यो ।
train\Voice133.wav,"गाढा हरियो दूबो पनि ठूला-ठूला क्यारीमा उमारिया छन्‌ जसउपर गोडा राख्दा मन हरियो हुन्छ, त्यसै पुलकित हुन्छ शरीर ।"
train\Voice746.wav,युवा-युवतीहरूका जोस र जाँगरका अगाडि जस्तोसुकै कठिन चुनौतीले पनि शिर निहुराउने पर्छ।
train\Voice126.wav,"शरीरमा धमिलो पानी, हावा र घामको माध्यमले सुकेको हुनाले शरीरभरि धूलो र पानीको रेखाचिन्ह स्पष्ट देखिन्थे ।"
train\Voice987.wav,"हाम्रो समाजमा हत्याहिंसा,भेदभाव,दाइजो प्रथा,बाल बिवाह,लागु पदार्थ खाने आदि समस्याहरु हुन् ।"
train\Voice665.wav,हामी कसैलाई पराइ ठान्दैनौ।
train\Voice872.wav,त्यो काइथेहरूको गाउँ हो ।
train\Voice97.wav,यदि हामीले एकतामा एकजुट भइ कम गर्यो भने सामाजिक समस्याको अन्त्य हुनेछ र समाजको विकास हुनेछ।
train\Voice687.wav,गत फेब्रुअरीदेखि युक्रेनमाथि सैन्य आक्रमण गरिरहेको रुसले इरानलाई अभूतपूर्व तहको सैन्य सहयोग दिइरहेको ।
train\Voice22.wav,निष्पट्ट शान्ति छ शहरमा; झन्‌ जाडोले शान्तिलाई जम्मोठजस्तो डल्लो पारेर अडाइदिएको छ ।
train\Voice692.wav,"बिजुली, खानेपानी, कर आदिका लागि उठाइएको रूपले नै देशका विभिन्न कार्यहरू गरिन्छ।"
train\Voice878.wav,शहरमा मलाई यो कुरा कसैले बताएनन्‌ कि मानिसको बोलाउने र न्वारनका भिन्न-भिन्न नाउँ हुन्छन्‌ ।
train\Voice1007.wav,"पहिले-पहिलेको जस्तो भावनाले विभोर भएर होइन, एकदम अनुद्विग्न भएर; मानौं घरको दृश्य त्यो हेरिरहेको छ, तस्वीरहरूमा ।"
train\Voice165.wav,"राजनीति गर्नेहरु अनुशासनहीन भए पनि त्यसको असर सिङ्गो राष्ट्रलाई पर्दछ, सम्पुर्ण जनतालाई पर्दछ, वित्तीय क्षेत्रमा अनुशासन भएन भने कुनै राष्ट्र चल्दैन ।"
train\Voice128.wav,"समाजमा जातधर्म,काम,भाषाभेषमा भेदभाव गरिन्छ।"
train\Voice686.wav,पर्वतारोहणमै सारा जीवन बिताउने व्यक्तिहरू पनि प्रशस्त भेटिन्छन्।
train\Voice856.wav,सरकारले देशलाई हाम्रै पैसाले चलाउँछन्।
train\Voice586.wav,नेपाली संस्कृतिमा केही विकृतिहरू पनि रहेको छ।
train\Voice958.wav,पोखरीको उत्तरपषट्टिको डिलमा पहेँलो चम्पाको रूख थियो जसमा पहेँला फूल फुलेका थिए ।
train\Voice828.wav,कतिपय त् यसलाई पेसाकै रूपमा पनि अँगालेको पाइन्छ।
train\Voice742.wav,तिनीहरूले उच्च सोच्न वा विस्तृत मानसिकता विकास गर्न सक्दैनन्।
train\Voice852.wav,जस्तै – गाउँमा मानिसहरुलाई कुनै रोगको सिकार भयो भने अस्पताल नगएर धामी झाँक्री संग उपचार गराउन जानछन् ।
train\Voice520.wav,"‘इन्धनमा त मनलाग्दी खर्च छ,’ पालिकाका एक कर्मचारीले भने, ‘पालिकाको सवारी साधनभन्दा आफन्त र नजिकका मान्छेलाई दिइने इन्धन बढी छ ।"
train\Voice518.wav,"हामी उनीहरूलाई छिमेकी, मित्र र आफन्तलाई प्रभाव पार्न चाहन्छौं।"
train\Voice17.wav,"पहिले जो आमाजस्ती भएर मेरो औंलालाई सहारा दिँदै गाउँका आवश्यक वस्तुहरूलाई चिह्नाउँदै हिंड्थी, त्यो पछि-पछि सहचरी भएर गई ।"
train\Voice79.wav,"उसले बालाई एक-दुईचोटि भनेको थियो- बा, अहिले बिहे गर्दिनँ पढिसिध्याउँछु, अनि।"
train\Voice880.wav,"एकैदिनमा कति थोक मैले सिकें, यो गाउँमा आएर ।"
train\Voice558.wav,"त्यो धारमा धेरै किसिमका माछा पाइन्छन्‌- रोहु, बुहारी, कतला, काँटी, सिंगी, मुंगरी, बामी ।"
train\Voice618.wav,"बिहे गरेर जब उसले एउटी सानी केटीलाई घर लिएर आयो, उसलाई लाग्यो, उसलाई म आफ्नो रूपमा ढाल्छु ।"
train\Voice700.wav,"अनेकौँ मठ, मन्दिर, गुम्बा, मस्जिद र गिर्जाघर छन्।"
train\Voice947.wav,यसले परिवारबाट उनीहरूलाई दूरीमा राख्छ र उनीहरूको व्यक्तिगत सम्बन्धलाई बाधा पुऱ्याउँछ र यो सबै मात्र तनावतर्फ जान्छ।
train\Voice886.wav,"वास्तवमा भन्ने हो भने नेपाली भाषा सम्पूर्ण नेपालीहरूको आत्मा हो, ढुकढुकी हो।"
train\Voice633.wav,पहिलो पटकको पराजयले उनलाई हताशा होइन विजयका लागि नयाँ पाठ सिकायो।
train\Voice92.wav,आज मानिसहरु समयलाई उप्युक्त तरिकाले उपयोग गर्नका लागि यसमा भएको किताबहरु पढ्ने गर्छन।
train\Voice49.wav,यस दिन लक्ष्मीलाई खुसी पार्न सकियो भने घरमा सधैँ लक्ष्मीको बास हुन्छ भन्ने विश्वास पनि सबै हिन्दूहरूमा रहेको पाइन्छ।
train\Voice985.wav,युवाका लामा-लामा सबल भुजहरूले जुनसुकै चुनौती र अवरोधहरूलाई पनि धुजा-धुजा पार्न सक्छन्।
train\Voice77.wav,यो प्राय गाउमा हुने गर्छ।
train\Voice904.wav,साना अर्थात् तल्लो जतिको मानिसलाई काम पनि दिदैनन्।
train\Voice160.wav,दुई देशबीचको सम्बन्ध विश्व सुरक्षाका लागि खतरनाक भएको बताएका छन् ।
train\Voice48.wav,"अनेकौ मन्दिर, गुम्बा, स्तुपा, कलाकृति आदिले पनि मेरो देशलाई सिगारेका छन् र विश्वमै चिनाएका छन्।"
train\Voice744.wav,त्यसैले यस दिन गाईलाई फुलको माला लगाएर थरथरीका मीठा मीठा खाने कुरा खान दिई गाई पूजा गरिन्छ।
train\Voice61.wav,परिवार र समाजको समुचित माया र स्नेह नपाएका वा आवश्कताभन्दा बढी माया र स्नेहले पुल्पुलिएका बालकहरू जब युवा बन्छन् तीमध्ये पनि केही विकृति-विसंगतितर्फ लागेका हुन्छन्।
train\Voice671.wav,"उनीहरू घर फर्के; बाटामा राधाले आफ्नी दिदीको कुरा गरी, जसले छोरा पाउँदा राधा पनि थिई ।"
train\Voice802.wav,कैयन ठुला होटेल खचाखच भरेका होलान 'नारी हक हित' को आवज उठाउन र 'नारी दिवस' मनाउन न कि ।
train\Voice576.wav,गङ्गाजीपारिको बालुवाको गन्धले भरिएको विचित्र आत्मीयताको न्यानो लिएर बग्ने बनारसको हावा यहाँ छैन ।
train\Voice800.wav,"नेपाल हिमाल, पहाड र तराईको विविधताले भरिएको सुन्दर बगैँचा हो।"
train\Voice901.wav,तिहारको चौथो दिनलाई गोरु-तिहारका रूपमा मनाइन्छ।
train\Voice602.wav,गत वैशाख तिस मा सम्पन्न स्थानीय तहको निर्वाचनवाट निर्वाचित नगरप्रमुख भीमराज यादवमाथि।
train\Voice155.wav,स्रोतका अनुसार एसी कोटेसन प्रक्रियाद्वारा खरिद गरिएको हो ।
train\Voice88.wav,यसको कारणले यो देशको जनसङख्यामा असर पर्छन्।
train\Voice539.wav,किशोर फेरि एक्लै भयो कोठामा ।
train\Voice967.wav,तर युक्रेनमाथि आक्रमण हुनुअघि केही मात्रामा ड्रोन उपलब्ध गराएको स्वीकार गरेको थियो ।
train\Voice817.wav,केही कुरा किनेपछि बिल लिने पनि हाम्रो कर्तव्य हो।
train\Voice739.wav,यस देशले आफूलाई विश्वमा चिनाउने सामर्थ्य पनि राखेको छ।
train\Voice568.wav,धेरैजसो व्यक्तिहरूले पर्वतारोहणमा नयाँ कीर्तिमान कायम गरेर आफ्नो नाम पनि खाँसै राखेकै छन्।
train\Voice544.wav,धनकी देवी लक्ष्मीले कृपा गरिन् भने भइन्छ भन्ने विश्वास सबै हिन्दूहरूमा रहेको छ।
train\Voice533.wav,यो ठूलो रूख पाकडको रूख हो ।
train\Voice855.wav,बर्षमा एक पटक चिच्याएर 'दिवस' मनाउदैमा के फरक पर्छ नारीहरुको अध्यावधी पिछडित दयनिय कुचक्रित यथार्थमा?? ।
train\Voice761.wav,"सलाई बनाउने काठ, चन्दन, रबडको लस्सा, लह, मसला, बास इत्यादि वनबाट प्राप्त हुने गर्छ।"
train\Voice648.wav,"तथापि, यसलाई ठूलो व्यावसायिक बनाउन र अत्याधिक इच्छाहरु को लागी अधिक र अधिक कमाई को लागी मान्छेले काम मा धेरै समय खर्च गर्दछ र आफ्नो आमाबाबु, पति र बच्चाहरुलाई बेवास्ता गर्छन।"
train\Voice949.wav,नेपालबाहिर बस्ने हिन्दू नेपालीहरू पनि यस चाडलाई उतिकै महत्त्व दिई मनाउँछन्।
train\Voice69.wav,यस दिनलाई ‘भाइटीका’ पनि भनिन्छ।
train\Voice827.wav,विदेशी विद्वान्हरूको चासोको विषय बन्नु नेपाली भाषाको ठूलै उपलब्धि हो।
train\Voice672.wav,अझै हाम्रो समाजमा चेलीबेटी बेचबेखन पनि तिब्र गतिमा बढिरहेको छ।
train\Voice523.wav,"साहोडको भ्याङ जसबाट राम्रा-राम्रा दतिउन काटिन्छन्‌, बकाइनो जो नीमको रूख होइन, पटेर र झाडका जङ्गल जो कोशीका दुवै किनारामा छन्‌।"
train\Voice870.wav,नेपालीहरुका अरु निकै पुराना चालचलनहरु देख्दा मख्ख पर्ने विदेशी पर्यटकहरु नेपाल भ्रमणको मीठो सम्झना आफ्नो हृदयको झोलामा भरेर लैजान्छन।
train\Voice1000.wav,चुँडाल्न सक्छ र विकासको अभियानमा देशले लामो फड्को मार्न सक्छ।
train\Voice124.wav,"त्यसै ऊ कुनै किसिमको बाधा, बन्धन, रोकावट, दबाब आदि मा नरही फुक्का हुन् चाहन्छ, मानिस कुनै पनि किसिमको बन्धन मन पराउँदैनन्, जसरी चराहरू फुक्का भई ।"
train\Voice87.wav,बतहिया चमाइन जो बोक्सी थी र जसको घर गाउँभन्दा छुट्टै दक्खिनपट्टि थियो ।
train\Voice597.wav,"जंगल जंगली जनावर, पक्षीहरूको आरक्षण पनि हो।"
train\Voice862.wav,हुने बिरुवाको चिल्लो पात भने झैँ पृथ्वीनारायण शाह सानेदेखि होनहार र प्रतिभाशाली व्यक्ति थिए।
train\Voice136.wav,सत्र सय उनासी साल पौष सत्ताइस गतेका दिन गोर्खाको दरबारमा भएको हो।
train\Voice657.wav,सामाजिक समस्या यसका ज्ञानले हटाउन सकिन्छ।
train\Voice107.wav,अनन्तसम्म पर्खन पनि तयार हुनुपर्छ तर यत्रो द्रुतगतिमा बढिरहेको दुनियाँमा के हामी नेपालीले अनन्तसम्म पर्खिरहने !
train\Voice824.wav,तिनको सौन्दर्यले सबैको मन लोभित हुन्छ।
train\Voice772.wav,"खस सम्प्रदाय अन्तर्गतका ठकुरी शाह वंशका राजा पृथ्वीनारायण शाहले गोर्खा जस्तो पहाडी राज्यका राजा भएर उपत्यकाका नेवारहरूको हृदय बुझ्नु, किरातहरूको आँत जित्नु कम चानचुने कुरो थिएन।"
train\Voice649.wav,फेरि कमिश्नरले बडो कोमल स्वरमा अन्तिम बार सोधे- तिम्रो अन्तिम इच्छा के छ !; केही भन्नु छ?
train\Voice767.wav,"कहाँ बाहिर ? यहाँ बाहिर, भित्र भन्ने छुट्टिएका दुई तत्त्व छन्‌ र : यहाँ त सबै क्रा बाहिरै बाहिर छ- उदाङ्ग ।"
train\Voice12.wav,घरघरमा बत्ती निभेका छन्‌ ।
train\Voice18.wav,किशोरले कोठामा एकचोटि दृष्टिपात गर्‍यो ।
train\Voice628.wav,"मन टुहरो हुन्छ, घबडाहटले आमाकहाँ टाँस्सन पुग्छ, त्यो भयभीत बालक ।"
train\Voice589.wav,सो वैवाहिक सम्बन्धमा समस्या बल्झेपछि बनारसका राजपूत अभिमानसिंहकी छोरी नरेन्द्रलक्ष्मीसँग बिहे गरेका थिए।
train\Voice653.wav,न्वारनको नाउँ आमासँग सोध्न्‌ ।
train\Voice998.wav,इरानले उपलब्ध गराएका ड्रोनहरूको प्रयोग गरेर रुसले युक्रेनी ऊर्जा केन्द्रमा आक्रमण गरेको छ।
train\Voice970.wav,बगैँचामा रङ्गीबिरङ्गी फूलहरू रहे झैँ यहाँ धेरै जात जाति छन्।
train\Voice526.wav,आज यो आधुनिक युगमा मानिस आफ्नो स्वार्थ र कमाउनको लागि अरुलाई मार्ने काम गरछन् ।
train\Voice39.wav,हामी नेपाली विर गोर्खाली रगतले हार मान्दैनौ र गौतम बुद्धको शिक्षालाई चारै तर्फ बाढ्छौ।
train\Voice758.wav,"समाजमा बसेपछि एक-अर्काको कदर गर्ने, सामाजिक नीतिनियमको पालना गर्ने, दुख परेको बेलामा एकले अर्कालाई सक्दो सहयोग गर्ने अनि कसैप्रति भेदभाव ।"
train\Voice141.wav,यो बहुसङ्ख्यक नेपालीहरूले बोल्ने भाषा हो।
train\Voice662.wav,"यहाँको दूबोमा यो गाढा चिल्लो हरितिमा छैन, खसो, खैरो, शुष्क हरियोपन मात्र छ ।"
train\Voice980.wav,यदि छोरी भयो भने पेटमै मर्ने गरेको खबर आउछन्।
train\Voice925.wav,यो समय हामीले पहिचान गर्नुपर्दछ कि हामी आफैंको लागि बाँच्न र अरूलाई प्रभाव पार्न नसक्नु पर्छ।
train\Voice611.wav,युक्रेनविरुद्ध प्रयोग गर्न रुसलाई ड्रोनहरू आपूर्ति गरेको भन्दै अस्ट्रेलियाले एक व्यवसाय र तीनजना इरानी नागरिकलाई प्रतिबन्धको घोषणा गरेको छ ।
train\Voice626.wav,उसले भनेको थियो टाउको हल्लाएर- केही खान मन छैन ।
train\Voice835.wav,नारी जति पछाडी यो समस्याले हो।
train\Voice674.wav,युगको आवश्यकता र नेपाली माटाको मागबमोजिम नेपाल आमाले जन्माएका त्यस्ता साहसिक वीरहरूमध्ये सर्वाधिक महत्त्वपूर्ण ऐतिहासिक महारथी हुन्-पृथ्वीनारायण शाह।
train\Voice897.wav,सृष्टिमा सबभन्दा असहाय प्राणी त्यो कशकाय पीतवबर्ण बालक हो जो एक्कासि शहरबाट चुडिएर कनै गाउँमा रोपिन आइपुग्छ ।
train\Voice963.wav,चेलीबेटी बेचबेखन भनेको महिलालाई बेच्ने काम हो।
train\Voice640.wav,युक्रेनी अधिकारीले पछिल्लो समय आफ्नो भूभागमा आक्रमण गर्न रुसले इरानमा निर्मित ड्रोनहरूको प्रयोग गरिरहेको बताउँदै आएको छ ।
train\Voice701.wav,मेरो देश पुर्व देखि लिएर पश्चिमसम्म स्वतन्त्र छ।
train\Voice976.wav,"किशोरले फेरि आग्रह गरेको थियो- हो, नयाँ युगका अनुसार हामीले पनि हिंड्ने बानी गर्नुपर्छ राधा !"
train\Voice28.wav,त्यो दिन उहाँ दिशाको आविष्कार गरे र त्यसैले हामीले आज दिशा हेर्न सफल भएका छौ।
train\Voice757.wav,पर्वतारोहण एउटा साहसिक कार्य हो।
train\Voice723.wav,बिदाका दिन म गाउँले साथीहरूसँग नजिकेको जंगलमा घुमफिर गर्ने जान्थे।
train\Voice538.wav,तर उ यति सानी थिई कि केके कुरा गर्ने उसँग ?
train\Voice847.wav,"फाल्तू समयमा मात्र पत्रिका पढेर समयको सदुपयोग गर्ने मानिस नै बुद्धिमानी ठहरिन्छ, आधुनिक युगमा व्यक्ति, समाज तथा राष्ट्रको उन्नति हुनका ।"
train\Voice593.wav,"यदि प्रकृति अनुशासनमा रहेन भने मानवजीवनको अस्तित्व नै संकटमा पर्दछ, प्रकृतिमा पाइने यस्तो अनुशासन मानिसका लागि प्रेरणादायी बनेको छ।"
train\Voice631.wav,"रूखा, साना-साना जर्घ्व-केश चौंरी गाईको चमरजस्तो कडा र खस्रो थियो जसको टुप्पो सुकेको परालको जस्तो धृमिल पीतवर्णको थियो ।"
train\Voice696.wav,मनिष आफ्नो स्वार्थको लागि समस्याहरु उत्पन्न गर्छन ।
train\Voice9.wav,श्वेतभैरबी केवल बुट्टाका अस्पष्ट रेखाहरू मोटो खाँडीमा बाकी बचेका थिए तर त्यसमा कति आफ्नोपना ।
train\Voice768.wav,"यिनमा देश-विदेशका राजनैतिक गतिविधि खेलकुद, आर्थिक गतिविधि, कृषि र उद्योग-व्यवसाय तथा व्यापार, धर्म संस्कृति, इतिहास आदि हरेक विषयलाई ।"
train\Voice760.wav,"भरखर यसो उँघेको मात्र थियो क्यारे, तर घडी कति छिटै बितेको ।"
train\Voice749.wav,यस्तो करा गाउँमा पहिले कहिल्यै पनि भएको थिएन ।
train\Voice643.wav,पहाड चढ्दा व्यायाम पनि हुने भएकोले पर्वतारोहण गर्नेहरुको शरीर स्वस्थ अनि तन्दुरुस्त बन्न पुग्दछ।
train\Voice705.wav,मेरो जीवनमा यो गाँसिन आई ।
train\Voice785.wav,"अनुशासनहीण विद्यार्थी उद्दण्डत, अराजकता, र विक्र्तिको बाटो तिर लाग्दछ,यस्ता विद्यार्थी भविष्यमा निकै पछुताउनुपर्दछ।"
train\Voice877.wav,आजको युगमा यस्को धेरै नै महत्व दिइने गर्छन।
train\Voice865.wav,वनबाट हामी नेपालीलाई थुप्रे फाइदाहरू छन्।
train\Voice608.wav,म जंगलबाट यी फलफूलहरू घरमा ल्याउथे अनि भोलिपल्ट बिद्यालय लिएर जान्थे र आफ्ना साथीहरूलाई दिन्थे।
train\Voice899.wav,आमा त केही नबुझेर अन्ध-वात्सल्यमा आँसु बगाइरहँदी होलिन्‌ ।
train\Voice807.wav,साँझदेखि नै सबै दिन केटीहरू घरघर गइ भैलो खेल्ने गर्दछन।
train\Voice796.wav,सहज रुपमा भन्नुपर्दा नेपाली भनेको नेपालमा बस्ने नागरिक हो ।
train\Voice46.wav,कसैले कारखानामा बेच्छन् त कसैले होटेलमा बेचिदिन्छन् ।
train\Voice774.wav,अहिले पनि मृत्युका लागिको यो बृहत्‌ आयोजन समाप्त भैसकेको छैन- बाँकी रहेको कागजमा अफिसरहरूको दस्तखत पर्दै होला।
train\Voice871.wav,यस अमेरमा स्वास्थको बारेमा थाहा हुँदैन र धेरै रोगका सिकार हुन सक्छ।
train\Voice771.wav,मीठो-मीठो खानेकुरो खान दिई आ आफ्ना दाजुभाइको दीर्घायु र निरोगिताको कामना गर्दछ।
train\Voice54.wav,जसलाई वास्तविकताको बोध पाउन म बारम्बार हातले छोइरहन्छु र बीचबीचमा जसमा व्यथित हृदयले टाँस्टिन पुग्छु ।
train\Voice541.wav,मेरो देश मेरो लागि गौरव हो किनकि यहाँ बार्है महिना बग्ने खोला-नाला छन् भने शान्तिको चिन्ह गौतम बुद्धको जन्मस्थल हो।
train\Voice661.wav,सिङ्गो प्रकृति नै मेरो स्वागत गर्न तम्तयार त्यही बेला नै थियो।
train\Voice614.wav,अरू जाडाका रात्रिसरह नै त्यो रात्रि पनि थियो । जीवनको कार्यरतता एकदम थामिएर अडेको मानौं तमाम विश्व स्पन्दनहीन भएको छ ।
train\Voice152.wav,यो पनि त यहाँ अन्त्य नहुने गरी चारैतिर फैलिएको छ; र यसको आकृतिमा कनै पनि परिचयको सानो झल्को पनि पाइँदैन।
train\Voice879.wav,वन अध्यात्म कालदेखि नै शान्तिको पुजारी रहेको छ।
train\Voice51.wav,"राधा कस्ती सरल बालिका जस्ती थिई, उसको गोल-गोल अनुहारमा अझै बालिकाको स्निग्धता बाँकी नै थियो- तर आमा पनि हुन लागेकी थिई अब त्यो ।"
train\Voice583.wav,त्यस्तै नेपाली संस्कृति सबै नेपालको समुन्नति चाहने साझा भावना हो।
train\Voice695.wav,त्यसै कारणले यदि हामीले कडा नियम र कानुन बनायो भने हाम्रो समाज अगाडि बढ्न सक्छ र सगरमाथा झैँ उच्च नाम कमाउन सक्छ।
train\Voice667.wav,उसलाई पुलिसले केर्दा या न्याय गोष्ठीमा सोध्दा उसले एकनाससँग भनेको थियो- मैले फ्याँकेको हो बम ।
train\Voice47.wav,अस्ट्रेलियाले एक इरानी व्यवसाय र तीन जना इरानी नागरिकमाथि प्रतिबन्ध लगाएको जनाउँदै उनले कुरा रखे।
train\Voice600.wav,"आधुनिक युगमा पत्रपत्रिकाले खेल्ने भूमिका ज्यादै प्रभावकारी देखिन्छ, अहिले पत्रपत्रिका विना कुनै पनि क्षेत्रको विकास हुन् सम्भव छैन, ।"
train\Voice962.wav,"उनले काठमाण्डौ उपत्यका जस्तो समृद्ध शाली, वैभवशाली राज्यमाथि हमला गर्न तगाराका रूपमा देखिएको नुवाकोटमाथि पहिलो आक्रमण गरे।"
train\Voice714.wav,र बालाई जेठो छोरोमाथि बडो आशा थियो ।
train\Voice938.wav,"बजारमा ल्याइरहेका छन्, विज्ञापन वा प्रचार-प्रसार नभई कुनै पनि वस्तुले बजार पाउन सक्दैन, त्यसैले औद्योगिक उत्पादनहरूको प्रचार-प्रसार खुब गर्नुपर्छ, हाम्रो देशमा विभिन्न ।"
train\Voice693.wav,"सयभित्र तमाम जात जाति, भाषा भाषी र धर्मावलम्बीहरुका विचार र भावना मिलेका छन्।"
train\Voice36.wav,"देशको भौतिक अवस्थालाई विपन्नताबाट सम्पन्नतातर्फ, नराम्रो अवस्थाबाट राम्रो अवस्थातर्फ, यथास्थितिबाट उन्नतितर्फ लैजानुलाई देश विकास भनिन्छ।"
train\Voice906.wav,कार्तिक महिनाको शुल्क पक्षको दोस्रो दिन यो चाड पर्दछ।
train\Voice932.wav,मैले आजसम्मको दिनहरुमा कहिल्यै सुनेको छैन उपर्युक्त ठाउंमा पुरुष शब्द जोडीएको ।
train\Voice29.wav,उक्त महत्त्वलाई बुझ्दा बुझ्दै पनि बढ्दो जनसंख्याको कारणले दिन प्रतिदिन जंगलको विनाश भइरहेको पाइन्छ।
train\Voice63.wav,राधा लाजले भुतुक्क भएकी थिई ।
train\Voice573.wav,कतिपय त् यसलाई पेसाकै रूपमा पनि अँगालेको पाइन्छ।
train\Voice561.wav,इज्जत थुपार्छ यसले हामी सबैको ।
train\Voice543.wav,"बनारसको पसल यहाँ कहाँ ? मिश्ची, छोहोरा, नरिवलका टुक्रा, राता, हरिया र काला रङ्गका मोटा- मोटा चुराहरू मात्र थिए त्यसको पसलमा ।"
train\Voice81.wav,नारी हक र स्वतन्त्रता भन्ने बितिक्कै पुरुष जमात तिर फर्केर औंला उठाउने परम्परित प्रब्रित्तीबाट ग्रस्त नारीहरुको जमात पनि छ ।
train\Voice770.wav,गत वैशाखसम्म तीन वटा एसी रहेकोमा अहिले थप गरिएको हो ।
train\Voice745.wav,नेपालमा भएको जंगलको सदुपयोग गर्न सकेमा नेपाल धनी र नेपाली सुख हुन् सक्छन्।
train\Voice849.wav,बेलुका उसले राधालाई भन्यो- हिँड जाउँ नदीतिर घुम्न ।
train\Voice795.wav,"रूखहरू एक किनारामा- अमलतास, मौलश्री, शिरीप, काइयो.... फूलका रूखहरू-रुचिपूर्ण ढङ्गबाट लगाइएका छन्‌ ।"
train\Voice514.wav,पछिल्लो समय पालिकाले तोकआदेशमै दश जनालाई दैनिक ज्यालादारी कर्मचारीको रूपमा नियुक्त गरेको थियो।
train\Voice996.wav,युक्रेनको आरोप सुरुमा अस्वीकार गरेको भए पनि पछि इरानले रुस–युक्रेन युद्ध सुरु हुनुभन्दा कैयौं महिना अघि सीमित मात्रामा ड्रोनहरू पठाएको बताएको थियो ।
train\Voice659.wav,राधा ! तिमीले घरमा लेख्न-पढ्न सिकेको थियो कि थिएन ?
train\Voice122.wav,तत्त्व र देशबाहिरका अंग्रेज साम्राज्यवादी शक्तिसँग बुहारीसाथ लडेर नेपाल र नेपालीको अस्तित्व र अस्मितालाई जोगाए।
train\Voice581.wav,"मानिसले स्वतन्त्रता पाएमा जे पनि गर्न सक्छन्, मानिसले चाहेको हरेक कुरा स्वतन्त्रता पछि पाउन सक्छन्।"
train\Voice881.wav,साम्राज्यवादीहरूका विषालु पाइतालालाई पवित्र उपत्यकाको आँगनमा पर्नबाट जोगाए।
train\Voice790.wav,भोलिपल्ट त क समातिइहालेको थियो ।
train\Voice142.wav,एउटा सानो ढक्कीमा तीन किसिमका चुराहरूलाई अलग्ग डोरीले बाँधेर र अरू सामानहरूलाई एउटा नाङ्लोमा दुई-तीन थुप्रो पारेर राखेको थियो ।
train\Voice1015.wav,राधा कत्रो भरोसा लिएर आइरहेकी थिई त्यस साँझमा ।
train\Voice822.wav,त्यसैले देश विकासका लागि शिक्षित नारीको खाँचो छ ।
train\Voice555.wav,“असम्भव भन्ने कुरो मूर्खहरूका शब्दकोशमा मात्र हुन्छ” भन्ने नेपोलियनको भनाइ पृथ्वीनारायणको जीवनमा पनि चरितार्थ भयो।
train\Voice673.wav,आमा हाँस्थिन्‌ छोरीले कनी-कथी गरेर पढेको देख्दा र कहिले-कहिले त्यहीँनिर बसेर उसले पढेको कथा सुन्थिन्‌ ।
train\Voice120.wav,दाँती लागिसकेको थियो ।
train\Voice706.wav,यो भावना पारस्परिक ‘जिउँदको जन्ती र मार्दाको मलामी’ उखान सार्थक भएको छ।
train\Voice565.wav,उसले विदेशमा पनि कलेजमा पढ्ने विद्यार्थीहरूको एउटा संघ बनाएको थियो जहाँ नाना बिषयमा छलफल हुन्थे- प्रजातन्त्र; मार्क्सवाद; स्वतन्त्रता; समाज र व्यक्ति आदि विषयहरूमा ।
train\Voice73.wav,यसको स्वाद लीन सक्नु पनि जीवनको रमाइलो नै हो।
train\Voice1009.wav,"अर्को दिन जाउँला त्यता..."" चिलौनी धारबाट घर फर्किंदा मडरको पोखरी हेर्न गयौं ।"
train\Voice730.wav,"यो हाम्रो राष्ट्रको बिकासको अनुपम धरोहर हो, यसले देशको विकास गर्न सकिन्छ।"
train\Voice818.wav,मेरो घरमा त् झन् कसैलाई निन्द्रा पर्ने कुरै थिएन।
train\Voice525.wav,हामी नेपालीले आफ्नो ज्ञानले सबैलाई पवित्र बनाउनुपर्छ।
train\Voice547.wav,एक दिन उसले दुलहीलाई भन्यो साँझतिर- राधा !
train\Voice104.wav,तिब्र गतिमा बढिरहेको नसालु पदार्थलाई लागु पदार्थ भनिन्छ ।
train\Voice652.wav,"हेर हेर, कति दुब्लो भएको छ अङ्ग्रेजी पढ्दा ।"
train\Voice127.wav,भर विभिन्न कार्यक्रमहरूको आयोजन गरी देवकोटाको जन्म जयन्ती मनाउने गरिन्छ।
train\Voice553.wav,यस देशलाई सबैले आफ्नो साझा फूलबारी भनेका छन् र सबैले यसको हेरचाह पनि गरेकै छन्।
train\Voice599.wav,उहाँ बाल्यकालमा पढाईमा कमजोर थिए तर उहाँलाई गणित र विज्ञानमा रुची थियो।
train\Voice567.wav,जल-सम्पदाका हिसाबले मेरो देश विश्वकै ब्राजिलपछि दोस्रो जलधानी देश र एसिया महादेशमा पहिलो जलधनी देशका रुपमा चिनिन्छ।
train\Voice517.wav,थुनिएपछि उसले सुन्यो कि राधाले छोरो नै पाई ।
train\Voice801.wav,रुसलाई समर्थन गर्नेले त्यसको परिणाम बेहोर्नुपर्ने चेतावनी दिएको बीबीसीले उल्लेख गरेको छ ।
train\Voice169.wav,"सुरका पुकारहरूको सम्मिलित ध्वनि, त्यसैले हृदयको कानमा एउटा मीठो बर्षा गराइरहेको छ ।"
train\Voice964.wav,येनकेन प्रकारले चारैतिर उम्रेका छन्‌ अव्यवस्थित किसिमबाट; भूप्रान्त कुनै छैन जसमा यो हरियो जाला नफैलिएको होस्‌ ।
train\Voice546.wav,नेपाल गरिब मुलुक हो तर वनमा धनी छ।
train\Voice752.wav,संसारका धेरै मानिसहरू निरन्तर पर्वतारोहण गरीरहन्छन।
train\Voice766.wav,त्यसैले म मेरो देश नेपाललाई ज्यादै माया गर्दछु र आफू नेपाली भई जन्मेकामा गौरव गर्दछु।
train\Voice534.wav,अनि अङ्ग्रेजी पनि पढ्न थाली- ए. बी. सी. डी.!
train\Voice109.wav,"हाम्रो देशमा बिर गोर्खालीहरु जन्मेका हुन्, उनिहरुले शत्रुहरुलाई पराजित गरेर हाम्रो देशलाई जोगाएका हुन्।"
train\Voice76.wav,"नेपालका पहाड, भित्रि मधेस् तथा तराई क्षेत्र गरी सबै क्षेत्रतिर नेपाली भाषा बोलिन्छ।"
train\Voice557.wav,"सोह्र मध्ये पाँच वटा ल्वाइड कम्पनिको, एउटा एलजी तथा दश वटा पानासोनिक कम्पनिको छ ।"
train\Voice154.wav,"त्यसैले पत्रपत्रिकाहरू पढ्नु मानिसको राम्रो बानी हो र यस्तो बानीले यसलाई सधैँ फाइदा नै हुन्छ, पत्रपत्रिकाहरू सञ्चारका भरपर्दो साधन हुन् ।"
train\Voice147.wav,यहाँ रङ्गीबिरङ्गी चरा चुरुङ्गीहरूका मीठा गीत जस्तै धेरै किसिमका भाषा छन्।
train\Voice753.wav,त्यसै गरी विश्वका कुनाकुनामा शान्तिको संदेश छरी अमर बन्न पुगेका शान्तिका अग्रदुत गौतम बुद्ध पनि मेरै देशका बासिन्दा हुन्।
train\Voice829.wav,यसको महत्व बुझने मानिस नै अहिले अगाडि बढेका उदहारण सहित पाइन्छ।
train\Voice934.wav,अझै गाउहरुमा पुस्तकालयको धेरै नै कमी छ र अविकसित ठाउँ भनेको गाउँ नै हो।
train\Voice792.wav,नेपाल आमालाई पिर परेको बेला हामी अगाडि बढ्छौ र देशलाई संकटबाट मुक्त गर्छौ।
train\Voice116.wav,त्यसै गरी यस चाडमा खेलिने भैलो र देउसीलाई पैसा कमाउन मध्यम बनाउने दुष्प्रवृत्ति पनि बढ्दो छ।
train\Voice765.wav,पर्वतारोहणले कुनै पनि चुचुरोमा पुग्ने व्यक्तिले जीवनमा आइपर्ने जस्तोसुकै समस्यासँग लड्न।
train\Voice895.wav,हाम्रा पुर्खाहरू आफ्नो स्वाभिमानमा अडेका थिए।
train\Voice529.wav,हाम्रो देश नेपालमा दश प्रतिशत व्यापारीले पनि राम्ररी कर तिर्दैनन् र यसको परिणाम पनि हामीले नै भोग्ने गर्छौ।
train\Voice850.wav,"म जन्मदा घरका सबै जना खुसीले ढङ्ग हुनुहुन्थ्यो रे! उहाँहरुका लागि म  घरको जगमगाउँदा बत्ती थिए, कुलको धरोहर थिए।"
train\Voice532.wav,कति विश्वास र भरको ढुकुटी लिएर मेरा लागि बसिरहेका थिए ती उड्न लागेका राता-काला बुट्टाहरू ।
train\Voice56.wav,"भैंसवार ठिटो पछर्वारेया धारमा भैंसीलाई नुहाउन गएको थियो, हामी दुबैले दुईचोटि कोशीको धारलाई पार गर्यौं ।"
train\Voice85.wav,उहाँले यो आविष्कार गरेर आफ्नो नाम अहिले कमाइरहेका छन्।
train\Voice1002.wav,त्यसैले आज भोलि म घरीघरी आफ्नो बाल्यकालको मीठो सम्झना गरेर मन बहलाउने गर्दछु।
train\Voice793.wav,म आफूभन्दा ठूलालाई आदर गर्थे र उहाहरुलाई अह्राएको कम नअनकनाएका खुरुखुरु गरि दिन्थे ।
train\Voice139.wav,कलाकृतिहरुले पनि भरिएको मेरो देश विश्वमै एक अनौठो र आफ्नै प्रकारका विशेषता भएको रमाइलो देश बन्न पुगेको छ।
train\Voice983.wav,हामीहरू उभिया ठाउँनिर नदी यसो बाङ्गिएर पूर्वतिर लागेको छ्‌ ।
train\Voice82.wav,जेठो छोरोले त्यति अङ्ग्रेजी पढिहाल्यो; अब घर बसोस्‌ र खेती हेरोस्‌ ।
train\Voice140.wav,त्यहाँ आरामपूर्वक जीवन बिताउने र एक भव्य जीवनशैली बीच एक फरक छ।
train\Voice764.wav,"अनुशासनमा नरहने मानिस लगामविनाको घोडाजस्तै हुन्छ, उसले जीवनमा केही गर्न सक्तैन।"
train\Voice942.wav,बाल्यकालमा बिहे गराउने चलनलाई वाल विवाह भनिन्छ।
train\Voice656.wav,"नाककोरेको साग, कोशीले छाडेर गएको ठाउँमा जमेको पाँक र त्यहाँको दलदल जसमा फुलकाहीका बाब्‌साहेबहरूको हात्ती भास्सिएर मरेको।"
train\Voice564.wav,"यहाँको वायु पनि त्यस्तै निर्गन्ध, काशीको हावामा नाना किसिमका गन्ध लादिया हुन्थे, नाला-पनालाको गन्ध,"
train\Voice763.wav,यही बमकाण्डभन्दा केही दिन पहिलेको कुरा ।
train\Voice146.wav,अन्तर्कलहले गर्दा चर्किदैं र ढल्दै गरेको देखे; त्यसबाट संसारमा सूर्य नअस्ताउने देशका रूपमा उपनिवेश फैलाउँदै गरेको ।
train\Voice33.wav,"दूबो पनि छ, तर खोइ, त्यो कम्पनीको बगैंचाको संयम यिनीहरूमा ? खोइ, त्यो सुसंस्कृत, सुव्यवस्थित रचना यिनीहरूको ?"
train\Voice130.wav,सानो भाइ आफ्नो स्कुलमा राजनीतिका कुरा गर्दो हो र भन्दो हो- नेपालमा प्रजातन्त्र ल्याउनुपर्छ ।
train\Voice516.wav,रुसले इरानलाई दिने सैन्य सहयोग बढ्नेमा अमेरिका र बेलायत सहमत रहेका उनले बताए ।
train\Voice743.wav,स्नेह गरी उनीहरूको धुकधुकीको स्पर्श गरेर नेपाली राष्ट्रियताको मजबुत आधार खडा गरे।
train\Voice86.wav,सामाजिक समस्या मध्ये एक नराम्रो र बिस्तृत रुपमा चलिरहेको समस्या दाइजो प्रथा हुन्।
train\Voice917.wav,प्रारम्भिक रूपमा भने इरानले रुसलाई ड्रोन उपलब्ध गराएको अस्वीकार गरेको थियो ।
train\Voice738.wav,र घरको कुनामा या आँपको गाछीमुनि उ घोप्टो परेर सुतेर पढ्थी ।
train\Voice777.wav,"यहाँका यीनै विविधतामा समाजको जगमा नेपाली संस्कृति समाजको असल व्यवहार, मान्यता र भावना एउटै स्वरूप हो।"
train\Voice90.wav,मेरो यस्तो बानीबेहोराबाट घरका सबै जना प्रसन्न हुनुहुन्थ्यो।
train\Voice863.wav,हामीले पुस्तकालयमा विभिन्न किताबहरु पाउन सक्छौ।
train\Voice950.wav,छोराको राम्रो हेरविचार गर्नू !
train\Voice604.wav,"गरिब र असहायलाई हेप्ने, नोकर बनाउने सामन्तवादी सोचबाट मुक्त भएको छैन।"
train\Voice883.wav,कोशी नदीको पश्चिम किनारमा उभिएर त्यहाँको दृश्यलाई हेर्दा रमाइलो लाग्यो ।
train\Voice845.wav,"हामी तुलसी, वर, पीपल आदिलाई पूजा गर्छौं।"
train\Voice952.wav,खरिद गरिएको एसीको भुक्तानी बजार रेटभन्दा बढी गरिएको नगरपालिकाकै कर्मचारीहरू बताउँछन् ।
train\Voice171.wav,"काशीमा माटोलाई घेरेर राखेको छ, दुई-तीन पुष्पबाटिकाहरूमा र केही सौखिन नागरिकहरूको घरमा सजाइएर लाममा राखिएका गमलाहरूमा ।"
train\Voice43.wav,यो कारणले हामी प्रसन्न वा अन्यलाई प्रभाव पार्नको लागि जन्मिएको छैन र हामी कहिल्यै पनि गर्न सक्दैनौं।
train\Voice38.wav,"त्यस्ता वर्गहरूका लागि पनि योग्यता, क्षेमता, रुचि र दक्षता अनुसारका तालिम, रोजगार र कामको व्यवस्था गरी तिनको मनोबल बढाएमा तिनले पनि देश-विकासको होस्टेमा हैसे गर्न पुग्दछन् ।"
train\Voice945.wav,नेपाल चाडलाई “यमपञ्चक” र “दीपावली’ का रूपमा पनि चिनिन्छ।
train\Voice655.wav,त्यस कारणले हामीले सक्ने काम गरेर दशको अवस्थालाई अझ गतिलो बनाउनुपर्छ।
train\Voice118.wav,मेरो देशलाई मन्दिरै मन्दिरको देश पनि भनिन्छ।
train\Voice869.wav,त्यसरी राधासँग उसको प्रेम घनिष्ठतर हुँदै गएको थियो ।
train\Voice933.wav,किशोरको तन्द्रा भङ्ग भयो; सोच्यो- उनीहरू आए ।
train\Voice132.wav,"नीलो र स्वच्छ आकाश, खेतमा झुल्ने धन, घर-आँगनमा ढकमक्क फुलेको सयपत्री र मखमली फूल आदि सबैले तिहारको सौन्दर्यलाई बढाएको देखिन्छ।"
train\Voice117.wav,विशाल समुद्र पनि आफ्नो निश्चित सीमामा अडेको हुन्छ।
train\Voice681.wav,कोशी नदी पनि सोझै तर्छ र जो क्रोधमा आयो भने आँखा देख्दैन र जसदेखि ठूला-ठूला बाघ पनि डराउँछन्‌; इत्यादि इत्यादि ।
train\Voice831.wav,काशीको अन्नजलको हामीले घेरै सञ्चय गरेका रहेनछौं ।
train\Voice876.wav,रूपियाँ-पैसा अथवा सामान (नगद र जिन्सी) दाईजो हो भने दाईजो दिने प्रचलन दाईजो प्रथा हो।
train\Voice981.wav,"मेरो दाइ पनि ढुक्कुरको शिकारमा यता आउनुभएको रहेछ, अनि पो, मुनरिया बाँच्न पाई ।"
train\Voice53.wav,बैनी बडो उत्साही बालिका थिई ।
train\Voice624.wav,करार र दैनिक ज्यालादारीका कर्मचारीको भारका कारण आर्थिक ब्ययभार बेर्होनु परिरहेको पालिकाले इन्धनमा गरेको भुक्तानी अत्याधिक छ ।
train\Voice842.wav,देश भन्ने बित्तिकै हामी सबैको साझा घर हो र यो घरलाई सुरक्षित गर्नु र यसको विकास गर्नु हाम्रो कर्तव्य हो।
train\Voice715.wav,सर्वप्रथम नेपाली भाषाको व्याकरण लेख्ने विद्वान् एउटा विदेशी नै हुन्।
train\Voice44.wav,अनेकौँ मुहानबाट निस्केका पवित्र नदि जस्तै यहाँ अनेकौँ परम्परा र मान्यता छन्।
train\Voice535.wav,"प्रहरीसेवा र सेनामा त् अनुशासन नभई हुँदैन, तसैले यी क्षेत्रमा अनुशासनको कडाइक साथ पालना गरिन्छ, यी विभिन्न क्षेत्रमा अनुशासनको पालना नहुने हो ।"
train\Voice24.wav,यो हाम्रो स्वास्थकोलागि एकदमै खतरनाक बस्तु हो।
train\Voice710.wav,"त्यसै गरी विविध जाति, वेश र परम्परा उपज नेपाली संस्कृति हो।"
train\Voice524.wav,यसको गौरव हामी सबै गौरव हो।
train\Voice794.wav,बालुवामा गोडा राख्दा न्यानो अनुभव हुन्थ्यो र गोडा अलिक भासिन्थ्यो जसले कृतकती लागेको जस्तो हुन्थ्यो ।
train\Voice685.wav,नागरिकको कर्तव्य देशको हरेक परिस्थितिमा साथ दिनु र आफूले गर्न सक्ने मेहनत गर्नु पनि हो।
train\Voice605.wav,पढाइ सुरु गरेपछि मैले आफ्नो खेल्ने समयमा कटौती गरी त्यसलाई पढाइमै लगानी गरे।
train\Voice748.wav,अतः युवाहरूका आट र उत्साहको इन्धन प्राप्त गर्दा देशले विकास मार्गमा आएका जुनसुकै हाँक र बन्धनलाई सजिलै परास्त गर्न सक्छ।
train\Voice621.wav,उनले राष्ट्रियताको सुदृढ स्तम्भ उभ्याउँदै नेपाल आमाको छिया-छिया परेको मुहारलाई मुस्कान भरेका हुन् र उनको मलिन अनुहारमा खुसीको प्रकाश छरेका हुन्।
train\Voice844.wav,"निर्ममतासँग पृथ्वीलाई यसले आबद्‌ गरेको छ, त्यसमा गोडा राख्यो भने दुम्सीको काँडा उम्रेको जस्तो अङ्गअङ्गका तीक्ष्ण अङ्क्रले बर्बरताको सान्नानी : तीन परिचय दिन्छन्‌ ।"
train\Voice115.wav,पाकडको वायुको नजिकै मशान भएकोले मध्यराति र मध्यदिनमा यहाँ आउनु हुँदैन ।
train\Voice634.wav,त्यसैले विविधता बीच सय थरी बाजाबाट पैदा हुने एउटा मनोहर तालसँग पनि तुलना गरिन्छ।
train\Voice664.wav,उसको जीवन जोखिमपूर्ण पनि हुन्छ।
train\Voice921.wav,नेपाली अवस्थामा सुधार ल्याउने उद्देश्य लिई नेपाली राष्ट्रियताको बलियो जग बसालेका हुन्।
train\Voice68.wav,"मनिस सम्पत्ति,घरबंगलाका लागि आफ्नो छिमेकी,घरपरिवारलाई मार्ने गरेको समाचारमा सुनाउने गरेको छ।"
train\Voice101.wav,तिनीहरु सोच्छन् छोराले भविष्यमा सहायता गर्छन तर छोरीले बिहेमा मात्र खर्च गराउछन्।
train\Voice707.wav,"इरानका कारण युक्रेनमा मानिसहरूले ज्यान गुमाइरहेका छन्,’ उनले भने ।"
train\Voice971.wav,"पालिकामा चौँतिस मोटरसाइकल, स्कारपियो, कार, जेसिबी, वारुणयन्त्र एक/एक वटा तथा तीन वटा ट्रिपर र छ वटा ट्र्याक्टर छन् ।"
train\Voice52.wav,शरीर स्वस्थ भएपछि मानिसले धेरै काम गर्न सक्छ।
train\Voice783.wav,"जसरी सनही, झुर्मा, मादल, ढोलक आदिबाट कुनै मनोरम ताल निस्किन्छ, त्यसरी नै हामीबाट नेपाली संस्कृति जन्मन्छ।"
train\Voice808.wav,यसमध्ये पन्ध्र लाख अघिल्लो आर्थिक वर्षको बक्यौता हो भने बाँकी चालु आर्थिक वर्षको हो ।
train\Voice548.wav,अझै हाम्रो समाजमा हाम्रो राम्रो परम्परा र संस्कृतिलाई भुलेर पराइको संस्कृतिलाई आँखा चिम्लेर पचाउने केही छन्।
train\Voice741.wav,हामी सबैका चाडपर्व एक अर्कामा शुभ कामना व्यक्त गर्छौं।
train\Voice21.wav,आगामी दिनमा बलिस्टिक क्षेप्यास्त्रसहित थप अस्त्रहरू प्राप्त गर्नका लागि प्रयास गरिरहेको छौँ ।
train\Voice957.wav,हामीले बुझ्नैपर्छ कि खुशी केवल बाहिरका चीज भित्र र बाह्य चीजहरूमा मात्र पाउन सकिन्छ।
train\Voice812.wav,यसैले जहाँ धार्मिक-संस्कृतिक दृष्टिले यो लक्ष्मीपूजा हाम्रो समाजमा महत्त्वपूर्ण रहेको छ त्यहीँ यही दिन नै हाम्रो साहित्यिक महोत्सव पनि मनाउनुपर्ने दिन बन्ने पुगेको छ।
train\Voice988.wav,कहिलेकाहीँ त् मलाई फेरी बाल्यावस्थामै फर्कू कि जस्तो लागेर आउँछ।
train\Voice32.wav,तिहार हाम्रा चाडहरू मध्येको एक महत्त्वपूर्ण चाड हो।
train\Voice891.wav,तर बोल्न बडो गाह्रो मानेको जस्तो गर्थी ।
train\Voice613.wav,"फूलबारीमा सयपत्री, गुलाफ, कमल, कमल,बेली, चमेली, जाई,जुही आदि हुन्छन्।"
train\Voice635.wav,निरीह भएर दुब्लो निर्वर्ण अनुहारमा चम्किने केवल दुई चल्षुले यो देहातको विराट्‌ संसारलाई हेर्छ ।
train\Voice644.wav,"राजनीतिमा हिंसाको पूर्णत: त्याग असम्भव छ, त्यसो हुनाले प्रयत्न यसमा मात्रै गर्नुपर्छ कि हिंसा सीमित रहोस्‌ ।"
train\Voice682.wav,"हामी हाम्रो चाडपर्वमा काग, कुकुर, गाई, गोरु आदिलाई सम्मान गर्छौं।"
train\Voice955.wav,"बा भने आँसुलाई बलपूर्वक थाम्दै, नरिवलको हुक्कामा तमाखुमाथि तमाखु तानेर पिंढीमा एकहोरो टोलाएर बसिरहँदा होलान्‌ ।"
train\Voice712.wav,पुस्तकालयको देश निर्माण र विकासमा एक स्थान ओगटेको छ।
train\Voice663.wav,सबैले सबैको धर्मलाई सम्मान गर्छौं।
train\Voice84.wav,त्यही ज्ञानका कारणले तिनीहरुको मनमा मानसिकता जाग्ला र केही गर्न परिश्रमका साथ अगाडि बढ्छन्।
train\Voice956.wav,हाम्रो समाजमा धेरै समस्या हुने गर्छ ।
train\Voice726.wav,"भैरहेका छन्‌- ढुङ्गाका घर, ढुङ्गाका सडक, ढुङ्गाका घाटहरू, त्यहाँको जीवनको चारैतिरका दृढ स्थिर प्रस्तर आधार- ढुङ्गा.।"
train\Voice837.wav,मेरो देश मेरो लागि गौरव हो किनकि यहाँ बार्हौ महिना बग्ने खोला-नाला छन् भने शान्तिको चिहन् गौतम बुद्धको जन्मस्थल हो।
train\Voice637.wav,फेरि गाउँको कत्रो प्रशान्त नीरवता ।
train\Voice838.wav,त्यस कारणले सुरुमा हामी नागरिकले आफ्नो कर्तव्य पुरा गर्नुपर्छ तब मात्र देश विकास भएन भने हामी सरकारलाई दोष दिन सक्छौ र यसको विरुद्धमा जान सक्छौं।
train\Voice780.wav,आफूले सक्ने काम गर्न म झन्झट मान्दैनथे ।
train\Voice19.wav,यस प्रविधिको युगमा पुस्तकालय विद्या प्राप्त गर्नकालागि एक सजिलो मार्फत हो।
train\Voice691.wav,त्यो जोगीले हाम्रो गाउँको ठिक्क पश्चिम सडकभन्दा दक्खिनको एउटा सानो पोखरीको पूर्वी डिलमा चारवटा फुसका साना-साना चिट्ट परेका घर बनाएको थियो ।
train\Voice854.wav,"बाहिर, धेरै मानिसहरूको गोडाको आवाज खस्याकखुसुक सुन्यो, र कर्कश शब्दका साथ फलामे डन्डीमा सिक्री रगडिएको पनि ।"
train\Voice650.wav,"समय मिलाएर पत्रिका पढ्ने बानी बसाउनुपर्छ, दैनिक रूपमा गर्नुपर्ने कामलाई पन्छाएर खालि पत्रिका पढ्नु राम्रो होइन, ।"
train\Voice99.wav,"र उसले बैनीलाई भनेको थियो- बैनी, भाउजूलाई पनि आफूले पढेको सिका न ।"
train\Voice1010.wav,आँगनमा खेल्दा खेल्दै म गाउँका आफ्नै उमेरका साथीहरूसँग घुलमिल हुन थालेँ र मेरो क्रिडीस्थल फराकिलो हुँदै गयो।
train\Voice105.wav,यो भनाइ मत्स्य पुराणमा छ।
train\Voice606.wav,"घर फर्किदा- लुगामा धूलो, हिलो, कानमा कनेलको सेतो, पहेँलो फूल, हातमा झाडका पातला सिरकना र अमरबेलीको पहेँलो लहरा।"
train\Voice721.wav,यस खेलले दिने स्वाद बेग्लै र अनौठो हुन्छ।
train\Voice867.wav,देश विकासका कार्यमा प्रत्येक युवा-युवतीले आ-आफ्नो क्षेत्रबाट सक्दो योगदान पुर्याइरहेका हुन्छन्।
train\Voice887.wav,यस्ता चाडहरूलाई हामीले आपसी मेलमिलाप बढाउन गरी मनाउनुपर्छ र यस्ता चाडहरू मनाई हामीले आफ्नो जीवनलाई पनि अझ सुन्दर पार्दै जानुपर्छ।
train\Voice900.wav,ऋषि-मुनिहरू अध्यात्म शान्तिको लागि वन-जंगलमै गएर तपस्या गर्ने गरेको यथेष्ट प्रमाण धार्मिक ग्रन्थहरूमा पढ्न पाइन्छ।
train\Voice590.wav,मानिसको जीवनमा सबैभन्दा सुखको क्षण यसको बाल्यकाल नै रहेछ भन्ने कुरा मैले अहिले आएर थाहा पाए।
train\Voice645.wav,त्यसपछि फेरि फलामे ढोका लाग्यो; सिक्री बारमा रगडियो; बाक्लो ताल्चा मारियो; र गोडाको आवाज बिस्तारै चिसो माटोमा विलीन हुँदै गयो ।
train\Voice762.wav,अधिकांस नारीहरु (मेरा स्कुल कलेजका धेरै सहपाठी समेत)बिहे पश्चात अध्ययन स्थगित गरी आफ्नै बाटा आँफै बन्द गर्नमा तल्लिन भए/ छन् ।
train\Voice727.wav,"साधारण मृत्यु होइन यो, जसमा जीवन बिस्तार-बिस्तार निभ्दै जान्छ, बिलाउँदै-बिलाउँदै जान्छ; कालगतिको सामान्य नियममा बाँधिएको मृत्यु यो होइन ।"
train\Voice59.wav,धनी मान्छे नै अहिले अगाडि हुन्छन् र बिभिन्न नराम्रा काम गुस दिएर गराउँछन्।
train\Voice781.wav,देशमा कमी आएको छ।
train\Voice623.wav,"त्यसै गरी यहाँक वराह क्षेत्र, मुक्तिक्षेत्र र गोसाइँकुण्ड जस्ता ठाउँहरु पवित्र तीर्थस्थल मानिन्छन।"
train\Voice722.wav,"सियो, धागो, सिन्दूर बेच्ने बाक्सावाला, हींग र मेवा किन्छौं कि भन्दै हिंड्ने काबुलीवालाहरूका विभिन्न तीव्रता र।"
train\Voice1006.wav,यसले गाउँलाई तडका (बिजली) को डर हुँदैन- सान्नानीले मलाई बताई ।
train\Voice93.wav,यो धारमा माछा पाइँदैन ।
train\Voice10.wav,हाम्रो देश स्वर्ग झैँ सुन्दर र चद्रमा झैँ चम्किलो छ।
train\Voice50.wav,"समाज तथा व्यक्तिको उन्नति नहुने भएकाले यस क्षेत्रमा पनि अनुशासनको महत्त्व टडकारोको रुपमा खट्किन्छ, त्यसै गरी सरकारी तथा गैरसरकारी कार्यालयमा पनि जरुरी छ ।"
train\Voice773.wav,पहाड चढ्दा व्यायाम पनि हुने भएकोले पर्वतारोहणहरूको शरीर स्वस्थ अनि तन्दुरुस्त बन्न पुग्दछ।
train\Voice143.wav,"अहिले फूल त्यसमा लागेको थिएन; कहिएका, सुकेका फलहरू भुइँमा छरिएका थिए जसमाथि भुसुनाहरू भुं-भुं गर्दै उड्दै-बस्दै गरिरहेका थिए ।"
train\Voice595.wav,नेपाली संस्कृतिमा केही विकृतिहरू पनि रहेको छ।
train\Voice984.wav,राष्ट्रिय एकताका मर्मज्ञ एवम् ऐतिहासिक युगपुरुष पृथ्वीनारायण शाहले व्यष्टि-व्यष्टिका रूपमा रहेका राज्यलाई समष्टि रूप प्रदान गरी नेपाली राष्ट्रियताको बलियो जग बसालेका हुन्।
train\Voice684.wav,मलाई नचाहिँदो कुरामा अड्को तोपेर घरमा कोलाहल मचाउन पटक्कै मन लाग्दैनथ्यो।
train\Voice961.wav,राति सुत्ने कोठामा धेरै बेरसम्म सान्नानी पनि थिई ।
train\Voice720.wav,यसै कारणले हरेक बर्ष धरै मानिसहरुको मृत्यु हुन्छ ।
train\Voice702.wav,"तसर्थ आफ्नो देश युवास्रोतलाई निर्माणतर्फ प्रवाहित गर्न राज्यले रोजगारका बाध बढ्ने पर्छ, उनीहरूको उत्साहको धर्म उच्च आत्मबल र मनोबल साँध लाउनै पर्छ।"
train\Voice769.wav,र किशोरले स्वेच्छाले यो काम आफ्नो जिम्मामा लिएको थियो ।
train\Voice928.wav,यदि तिनीहरुले नै यसलाई प्रयोग गरेनन् भने हाम्रो देशको विकास हुन सक्दैन।
train\Voice578.wav,त्यसैले हामीले गाउँलाई सहरमा परिवर्तन गर्नु छन् भने सरकारी पुस्तकालय बनाउन सरकार संग माग गर्नुपर्छ।
train\Voice34.wav,हामी त्यहाँ गयौं ।
train\Voice545.wav,"जस्तै-प्रिथिवी नारायण शाह,बलभद्र कुँवर आदि।"
train\Voice65.wav,मलाई कक्षाका साथीहरू निकै मन पराउथे।
train\Voice540.wav,उस दिन खास गरी गाई-गोरुका गोबरबाट पहाड जस्तो बनाई त्यसैलाई गोवर्धन पर्वत मानेर पूजा गर्ने गरिन्छ।
train\Voice148.wav,"त्यसैगरी हामीले पनि आफ्ना कर्तव्यहरू इमानदारी पूर्वक गरेर कर तिर्ने देखि लिएर बिजुली, खानेपानीको पैसा पनि समय मे दिई असल उदाहरण बन्नुपर्छ।"
train\Voice823.wav,"यहाँ त धेरै दिनदेखि पर्खिएको मृत्यु हो यो- झन्‌ दरबारबाट मृत्युदण्डको पुष्टि भएपछि- आज हुन्छ, भोलि हुन्छ भन्दै औंलामा दिन गन्दै मृत्युलाई पर्खेर बसेको ।"
train\Voice551.wav,देहातको बिराट्‌ शून्यताको स्वयं एउटा हिस्सा भएर मेरो कलिलो हृदयलाई कनै सान्त्वना दिँदैन ।
train\Voice890.wav,शून्य सडकका खामामा बत्ती घोरि  र भुइँतिर हेरिरहेका छन्‌ ।
train\Voice916.wav,केवल जीवित जीवनमा विश्वास गर्नेहरूले मात्र सोच्न सक्छन् र जीवनमा महान कार्यहरू गर्न सक्छन्।
train\Voice811.wav,यसै दिन दीपावलीको झिलिमिली सबैतिर परिने हुँदा नै तिहार चाडलाई ‘दीपावली’ समेत भन्ने गरिएको हो।
train\Voice798.wav,"कविता, कथा, उपन्यास, नाटक, निबन्ध आदि साहित्यिक हरेक विधामा नेपाली बहस मौलाएको छ।"
train\Voice149.wav,बिहानले दिनको संकेत गर्छ भनेझैँ विद्यार्थी जीवनले मानिसको भविष्य राम्रो वा नराम्रो के हुने भन्ने कुराको संकेत गर्दछ।
train\Voice814.wav,स्थानको कत्रो फैलाव नीलो आकाशको कत्रो विस्तीर्णता ।
train\Voice731.wav,सम भन्नु पर्दा पर्वतारोहण पनि मानिसले खेल्ने एक रमाइलो खेल नै हो।
train\Voice111.wav,"भेदभाव भनेको जात,धर्म,छोराछोरी आदि बिच गरिने भेद वा तल्लो उच्चको भावलाई भेदभाव भनिन्छ।"
train\Voice71.wav,"घरपरिवारदेखि लिएर समाज, धर्म, संस्कृति, राजनीति, वित्त आदि सबै क्षेत्रमा अनुशासन चाहिन्छ ।"
train\Voice820.wav,बेला-बेलामा भूक्षय भइरहने गर्छ।
train\Voice679.wav,मेरो बुबा आमाको मायाको छहारीमा मेरो बाल्यकाल खुबी रमाइलो भएर बित्यो।
train\Voice2014.wav,कस्तो होला त्यो भेट भन्ने प्रश्न सबैको मनमस्तिश्कमा थियो।
train\Voice782.wav,"त्यसैले यहाँका मानिसले तिर्थाटनका लागि विदेशतिर गइरहनुपर्दैन, विभिन्न देवीदेवताका मन्दिर र तीर्थस्थल रहेको मेरो देश एक पुण्यभूमि हो।"
train\Voice2013.wav,कलेज सकिएपछी उनिहरु पहिलोपल्ट भेट्न लागिरहेका थिए।
train\Voice799.wav,नेपालमा ठूला-ठूला जंगलहरु छन्।
train\Voice572.wav,यी हामी सबै नेपालीको प्यारो देश हो र यसलाई हामीले आफ्नो प्राणभन्दा प्यारो ठानेका छौँ।
train\Voice102.wav,पर्वतारोहण मानिसको सोखको कुरा हो।
train\Voice1001.wav,महंगा लुगा र घरको चीजहरू किन्नुहोस् - के लागि? यो सबै एक राम्रो सामाजिक खडा स्थापित गर्न को लागी।
train\Voice582.wav,हत्केलाले मुख र नाकलाई पुछ्दै स्वाँ... स्वाँ गर्दै उसले भनी- म पर्छ्वारेया (पश्चिमपट्टिको) धारमा नुहाइरहेकी थिएँ ।
train\Voice813.wav,"अनुशासनको पालना आफूभित्रैबाट हुनुपर्दछ, सबैले सचेत भई सामाजिक नीति-नियमका घेराभित्र रहेर काम गर्नु उचित हुन्छ।"
train\Voice914.wav,नत्र ति साच्चैका अवसर बिहिन नारीहरुको नाम भजाएर सिमित नाकहरु ठड्याउनका लागि देखाइने यो गाइजात्रे ।
train\Voice892.wav,"आफ्ना काखमारहेका असंख्य नदीनाला,हिमश्रीन्खालम, वनजंगल जस्ता प्राकृतिक सम्पत्ति र र पुराना जमानाक सुन्दर ।"
train\Voice969.wav,"उसको हात आफ्नो हातमा लिएर- हामी दुवैले मिलेर आफ्नो छोरालाई राम्ररी हेरौंला, माया गरौंला, पढाउँला-लेखाउँला र ठूलो पारौंला ।"
train\Voice575.wav,ती मध्ये एक खतरनाक र अहिले बढी मात्रामा चलिरहेको समस्या लागु पदार्थ हुन्।
train\Voice937.wav,"यो देहातमा बारम्बार सम्झना हुन्छ, कम्पनी बगैंचाको ।"
train\Voice841.wav,यस चाडमा खास गरी पटका पड्काएर अनि आतसबाजी गरेर मनोरञ्जन लिने चलन निकै बढ्दो छ।
train\Voice162.wav,अचेल नेपालीहरुले विदेशीहरुलाई पाहुना ठान्ने र आवश्यक सेवाशुल्क लिई उनीहरुको आदर-सत्कार गर्ने नयाँ चलन अँगालेका छन् तापनि ।
train\Voice977.wav,"हामीहरूले छोहोरा, मिश्री र नरिवल किन्यौं ।"
train\Voice119.wav,हुन् त् नेपालमा अरू थुप्रै भाषाहरू बोलिन्छन् तर सम्पूर्ण नेपालीहरूका बीचमा सम्पर्क कायम गर्ने भाषामा रूपमा नेपाली भाषा नै रहेको छ।
train\Voice755.wav,"न हो यो त्त्यस्तो अकस्मात्‌को मृत्यु जस्तो कि युद्धमा तातो गोली खाएर प्राण उडेको हुन्छ- सोच्दै नसोचेको गोली लाग्छ छातीमा, अनि त्यही अकस्मात्‌को आश्चर्यमा मान्छेको शरीर सेलाइहाल्छ ।"
train\Voice834.wav,"भ्याउ, काई, लेउ र पानीका लहराहरूले घेरिएर उभिएको थियो, पोखरीको मध्यमा एउटा कालो अग्राखको काठ।"
train\Voice718.wav,"हाम्रो समाजमा ‘गाँस छोड्नु,साथ नछोड्नू’ उखान ज्यादै लोकप्रिय छ।"
train\Voice552.wav,विश्वमा नेपाललाई चिन्नेले हामी नेपालीलाई पनि चिन्दछ।
train\Voice95.wav,देशभक्तिलाई सर्वोपरि आधार र राष्ट्र निर्माणलाई अन्तिम लक्ष्य बनाएर युद्धारम्भ गरेका पृथ्वी जब एउटा घरका भाइ आपसमा झगडा गरे।
train\Voice114.wav,तुलसीको मठलाई सफासँग लिपेर स्वच्छ बनाएको थियो ।
train\Voice676.wav,शहरबाट सञ्चित गरेर ल्याएको कातर हृदयको भय उसको सङ्गतमा बिस्तार-बिस्तार लोप हुन लागेको जस्तो भयो ।
train\Voice680.wav,नेपाली भाषा साहित्यिक दृष्टिले पनि निकै धनी छ।
train\Voice989.wav,"सान्नानीलाई मैले आदर-स्नेह गर्ने कुनै बाटो पाइनँ, केवल बनारसदेखि बचाएर राखेको एक आना पैसा मेरो खल्तीमा थियो ।"
train\Voice1005.wav,हाम्रो गाउँको पूर्वपट्टिको सिमाना पनि यही नदी हो ।
train\Voice974.wav,दरबारमा राजा-रानी र अरू राजपरिवारका प्राणीहरू सुतेका थिए ।
train\Voice788.wav,मा पूर्वपट्टि मुहडा गरेर बालुवाको राशिउपर कोल्टे पल्टेकी थिई ।
train\Voice585.wav,त्यस कारणले हामीले सक्ने काम गरेर देशको अवस्थालाई अझ गतिलो बनाउनुपर्छ।
train\Voice556.wav,"जसमा अनेकानेक रङ्गका फूलका बिरुवाहरू सजाइएका छन्‌, सानो हावामा पनि चञ्चल भएर शिर हल्लाउन थाल्छन्‌ मानौं उत्साहको लहर तिनीहरूमा फैलिन पुगेको छ ।"
train\Voice935.wav,मेरो एक्लो हृदयको सारा विकलतामा ती स्नेहका धूमिल रेखा अड्ण मायामय भएर गए; म भरिएँ र पुनः आमाको पिठयूँलाई अंकमाल गर्न पुगें ।
train\Voice527.wav,नेपाली सर्वप्रथम पुस्तकालयको निर्माणमा अगाडि बढाउने मान्छे जोन उड हुन्।
train\Voice990.wav,नेपाल अधिराज्य भरका हिन्दूहरूले यो चाड धूमधामसँग मनाउँछन्।
train\Voice683.wav,"‘दस कुवा बराबर एउटा पोखरी हुन्छ, दस पोखरी बराबर एउटा पुत्र हुन्छ, दस पुत्रहरू बराबर एउटा रुख हुन्छ।"
train\Voice113.wav,देशको भौतिक अवस्थामा गुणात्मक परिवर्तन गर्ने काम नै देश विकासको काम हो।
train\Voice913.wav,पालिकाबाट प्राप्त जानकारीअनुसार गत जेठदेखि हालसम्म इन्धन खर्चबापत मात्र चौंसट्ठी लाख छपन्न हजार रुपैयाँ भुक्तानी दिइएको हो ।
train\Voice161.wav,त्यसै गरी केटोहरूले घरघर गई देउसी खेल्ने दिन पनि यही हो।
train\Voice554.wav,"यहाँको यो ह्वाङ्ग खुला विराटतामा जसमा आधारका लागि केही कुरा पाइँदैन- दृष्टिसम्म कहीं अड्किन पाउँदैन, हराइएला जस्तो भय हुन्छ ।"
train\Voice759.wav,नेपालका प्रमुख समाचारपत्रहरूको बिक्री-वितरण निकै हुने गरेको पाइन्छ।
train\Voice803.wav,नेपाल वीरहरूको देश भनेर पनि चिनिन्छ।
train\Voice747.wav,यसै दिन कालका देवता यमराज पनि आफ्नी बहिनी यमुना कहाँ टीका लगाउन जाने कथा हिन्दू पुराणमा उल्लेख गरिएको छ।
train\Voice23.wav,पुस्तकालय आज सबै मानिसले पढ्ने गर्छन।
train\Voice588.wav,नेपालमा एक पछि एक वीरहरूको जन्म भएको छ।
train\Voice641.wav,निराशा र कुण्ठ जागृत हुन् नदिई दलीय र व्यक्तिगत स्वार्थभन्दा माथि उठी राष्ट्रिय स्वार्थमा उनीहरूलाई प्रयोग गर्दा राष्ट्रको कायापलट नै हुन् गएको छ।
train\Voice638.wav,बाँकी कारणले गर्दा समयमा वर्ष भई खेतीपाती हुने गर्छ।
train\Voice797.wav,नेपाली भाषा नेपालको प्रमुख भाषा हो।
train\Voice919.wav,भान्सामा खान खान बस्दा मेरो दुवै आँखा चुल्होमा तताइराखेको दूधमा गोदिन्थें।
train\Voice936.wav,बताउँदै कर्बीले रुसले इरानसँग अस्त्रको विकास तथा तालिमका क्षेत्रमा सहकार्य गर्न खोजिरहेको दाबी गरे ।
train\Voice853.wav,अनुशासन' ;शासन' शब्दका अगिल्तिर 'अनु' उपसर्ग लागि बनेको शब्द हो।
train\Voice8.wav,त्यसै गरी विश्वको कुनाकुनामा शान्तिको संदेश छरी अमर बन्न पुगेका शान्तिका अग्रदुत गौतम बुद्ध पनि मेरै देशका बासिन्दा हुन्।
train\Voice594.wav,यदि आमाले बोलेको नसुनेको भए यो ध्वनिहीन लोकमा त्यसै प्राणान्त हुने थियो ।
train\Voice688.wav,रङ्गै रङ्गको सुन्दर सृष्टि इन्द्रेणी हो।
train\Voice926.wav,"पछवरिया धारामा नुहायौं, एकछिन पौड्यौं ।"
train\Voice20.wav,"हामी रिस,राग,कपट र छल कहिले गर्दैनौ।"
train\Voice609.wav,"काशीको मुख्य क्रा हो, त्यहाँका ढुङ्गा, पत्थर जो यहाँ आएर मेरो बालक मनमा तीक्ष्ण अनुभवको रूपमा बारम्बार प्रकट।"
train\Voice826.wav,यसले जीवनको विकासमा ठुलो भूमिका खेलेका हुन्छन।
train\Voice860.wav,मित्रहरु ! यि ति नारीहरु हुन् जसको हातमा प्रसस्त अवसर थियो ।
train\Voice786.wav,"हामी तुलसी, वर, पीपल आदिलाई पूजा गर्छौं।"
train\Voice80.wav,मेरो देश विश्वमै एक भूपरिवेष्ठित देशका रुपमा चिनिन्छ।
train\Voice809.wav,नेपाल विभिन्न जातिहरूको संगम स्थल पनि हो।
train\Voice98.wav,अन्तिम घडीमा एक-एक गरेर सारा दृश्य उसका सामुन्ने आइरहेका थिए र सोच्दासोच्दै ऊ गुँडुल्किएर निदाएछ ।
train\Voice830.wav,"प्रिथिवी नारायण शाह, अमरसिंह थापा, भीमसेन थापा, राजेन्द्र लक्ष्मी आदिका योगदानले हाम्रो नेपालमा आजसम्म कसैले विजय हासिल गर्न सकेन।"
train\Voice1011.wav,उसको दुर्दमनीयतामा लज्जा र सङ्कोचले कुनै ठाउँ पाएको थिएन ।
train\Voice939.wav,हामीहरु विभिन्न किसिमका मीठा-मीठा जिब्रे लट्याउने जंगली फलफूलहरू खानका लागि नै जंगल पस्थ्यौ।
train\Voice708.wav,आफ्ना कर्तव्यलाई नभुलेर र देशलाई नछलेर आफ्नो जिम्मेवारी समयमा पूरा गर्नुपर्छ।
train\Voice100.wav,सडकमै फुटपाथमा गोडा लतार्दै अझै आफ्नो घरको आश्रयमा पुग्न नसकेका लुगैलुगाले सारा शरीरलाई बेरेर हिँडेका एक-दुई मानिसहरू।
train\Voice889.wav,यस्ता नराम्रा कामहरू गर्दा कहिलेकहीँ एक-अर्कामा झाँगड पनि हुने गरेको स्थिति केही वर्ष यता देखिदैं छ।
train\Voice912.wav,"त्यस दिनको यात्रामा स्मरणीय कुरा थिए- गोसाईंस्थान, नजरियाको पसल, पछवरिया धार।"
train\Voice861.wav,"चौथो अङ्ग पनि भनिन्छ, पत्रपत्रिकाहरू विविध सामग्रीले भरिएको पोका हुन्, राष्ट्रिय तथा अन्तरराष्ट्रिय क्षेत्रका हरेक पक्षलाई तिनीहरुले समेटेका हुन्छन्, ।"
train\Voice923.wav,अखडाको द्वारमै एउटा ठुलो बाँसमा सेतो ध्वजा गाडेको थियो; त्यहीँनिर तुलसीको बोट उमारेको एउटा माटोको सानो चौतारो थियो ।
train\Voice629.wav,"सरकारले पनि नङ्गा पाखा, डाहामा वृक्षारोपण गरेको छ।"
train\Voice647.wav,ब्यक्तिको अनिन्द्य सौन्दर्य मेधा र प्रतिभा हो भनी पहिले आफ्नै दिमागमा घुसाउँ!! पहिले नारीले नारीलाई सम्मान गर्न सिकौँ!! ।
train\Voice74.wav,पालिकाले गत आर्थिक वर्षको Xअन्तिममा असारमा सोह्र वटा एसी (एयर कन्डिसन) खरिद गरेको हो ।
train\Voice519.wav,यसको कारणले हाम्रो देश नदीको गतिमा विकासमा लाग्ला।
train\Voice940.wav,फूलबारीलाई सयपत्रीले मात्र सुन्दर बनाएको होइन र चमेलीले मात्र चम्केको पनि होइन।
train\Voice14.wav,प्रारम्भमा ग्रामीण जीवनको बाटोमा तै-तै गरेर पाइलो चाल्ने प्रयत्न गर्दा सान्नानीको सहारा नभई हुँदैनथ्यो।
train\Voice25.wav,दूध खान मन लाग्दा म आमासँग माग्थे तर छोएर खन्नथे।
train\Voice125.wav,जसको माथिपट्टिको हिस्सामा ठाउँ-ठाउँमा चिरा परेका थिए ।
train\Voice577.wav,"पुस्तकालय एक मन्दिरका रुपमा लिइन सकिन्छ किनभने एसले हामीलाई सचाई र सत्य बाटोमा लाउन सक्छ,यदि तिमीले यसमा भएको ज्ञानलाई सही उपयोग गर्यो भने।"
train\Voice610.wav,विसर्जन वाक्य त केही भन्नैपर्छ ।
train\Voice806.wav,तिहार पाँचौं वा अन्तिम दिन भाइ-तिहारका रूपमा प्रसिद्ध छ।
train\Voice918.wav,"मलाई लाज पनि लाग्यो, केवल एउटा नाउँको अधिकारी भएकोले ।"
train\Voice537.wav,कहिले पैसा चोरेको कारणले झगडा गर्छन र कहिले उटपटयाङ काम गर्ने गरछन्।
train\Voice943.wav,हामी नेपालीले एकतामा बसी देशमा परेको हरेक समस्यालाई समाधान गर्छौ।
train\Voice689.wav,नेपालका प्रमुख समाचारपत्रहरूको बिक्री-वितरण निकै हुने गरेको पाइन्छ।
train\Voice550.wav,भ्रस्टाचार समाजको अर्को समस्यो हो।
train\Voice991.wav,छोरा पाउने आशामा महिलाले धेरै शिशु जन्माउँछन्।
train\Voice711.wav,हामी सबै आजै देखि आफूले गर्ने काम इमानदारी पूर्वक गर्न थालौं र समाजका लागि एउटा उदाहरण बनौं हामी सबै।
train\Voice166.wav,"यो कथित 'दिवस' प्रती मेरो घोर आपत्ति छ ,यसलाई मैले नौटंकी नाम दिंदा कसैको भावनामा ठेस लाग्छ भने धिक्कार छ ति स्वांठ कथित शिक्षित भनौदाहरुलाई।"
train\Voice699.wav,"यी पाँच दिनमा काग-तिहार, कुकुर-तिहार, गाइ-तिहार, गोरु-तिहार, र भाइ-तिहार गरी जम्मा पाँच तिहार चिनिन्छ।"
train\Voice959.wav,"इन्जीनियर, वकिल, शिक्षक, प्राध्यापक, कृषक, लेखक, कलाकार, खेलाडी, कर्मचारी, पत्रकार, सैनिक, प्रहरी आदि जुनसुकै क्षेत्रमा सर्वप्रथम व्यक्तिको प्रवेश युवावस्थामा नै हुन्छ।"
train\Voice732.wav,त्यो काठको खामो- जाट हो ।
train\Voice946.wav,उनीहरूको भौतिकवादी सम्पत्तिहरू देखाउँछन् कि तिनीहरूको सोच यो सीमित हुन्छ।
train\Voice821.wav,हुन्छन् र कतिपय समाजसेवीले बनेका हुन्छन।
train\Voice884.wav,पृथ्वीले एक निश्चित गतिमा सूर्यको परिक्रमा गरिरहेको हुन्छ र यसै आधारमा दिन र रातको प्रक्रिया चालू भाइरहन्छ।
train\Voice839.wav,पहाडको उच्च टाकुरामा पुगेर त्यहाँको सौन्दर्यमा डुब्न गर्न र आफ्नो कीर्ति राख्नका लागि मानिसहरू पर्वतारोहणमा मरिमेटेर लाग्छन्।
train\Voice779.wav,तिनीहरू आफैमा भवदीय खर्च गर्नु भन्दा धैर्यतामा भोग्छन्।
train\Voice927.wav,"उचित वातावरणका अभावमा आफ्नो देशमा उचित शिक्षा, रोजगार, काम र माम नपाउँदा कतिपय युवावर्ग बरालिन्छ र युवावर्ग बरालिँदै देश विकासको गीत ओरालो लाग्दछ।"
train\Voice515.wav,यस्तो हुन सक्यो भने गाउँका मानिसले बिस्तारै त्यहाँ भएका पुस्तकहरु पढ्न थाल्छन र केहि ज्ञान प्राप्त गर्छन।
train\Voice832.wav,अठार सय छब्बिस मा काठमाडौं उपत्यकामाथि कब्जा जमाएपछि उनको विजय यात्राको अभियान र नेपाल एकीकरणको महोत्सवको एउटा अध्याय सम्पन्न गुरुतर दायित्व उनले निर्वाह गरे।
train\Voice30.wav,"मन्त्रीहरू र अरू ठूला-ठूला कर्मचारीहरू सरकारी आवासस्थानहरूमा; पसले, जागीरिया, कृषक, गरीब, मध्यवित्तीय तथा धनी व्यक्तिहरू छन् ।"
train\Voice27.wav,यस दिन गाई र धनको पूजा गर्ने गरिन्छ।
train\Voice134.wav,नेपाली बहसले पनि सम्पूर्ण नेपाली जनतालाई एकताको मालामा उनेकाले हामी सबैका निम्ति नेपाली बहसको ठूलो महत्त्व रहेको छ।
train\Voice843.wav,आफूले दुइटा फूल कानमा घुसारी; पूर्वपट्टिको डिलमा कदमको सानो रूख थियो ।
train\Voice151.wav,त्यसरी नेपाली भाषाले हरेक क्षेत्रमा प्रगति गर्न सकेको छ।
train\Voice975.wav,तर अनुशासनको बाटोमा हिँड्ने मानिसले जीवनमा सफलताको शिखर छुन सक्तछ।
train\Voice592.wav,नजरियाको एउटा सानो छाप्रो मात्र थियो ।
train\Voice123.wav,अनुशासनको पालना गर्ने व्यक्तिले समाजमा उच्च पद र प्रतिष्ठा प्राप्त गर्दछ।
train\Voice591.wav,वातावरण सुधार गर्नका लागि क्रियाकलापहरू बढाउन र महत्त्वपूर्ण रूपमा आफ्ना प्रियजनहरूसँग गुणस्तरको समय खर्च गर्छन्।
train\Voice660.wav,"हामी नेपालीले कर्म मात्र गर्नुपर्छ, फलको अपेक्षा गर्नु हुँदैन।"
train\Voice717.wav,वनबाट अनेकौँ जडीबुटीहरू निस्कने गर्छ।
train\Voice894.wav,अहिले समाजमा मानिसहरु सानालाई जातधर्ममा भेदभाव र हेप्ने गरछन् ।
train\Voice83.wav,अनुशासन मानिसका लागि अति आवश्यक छ।
train\Voice846.wav,उनि नरभूपाल शाह र कौशल्यावातीका सन्तानका रूपमा जन्मेका हुन्।
train\Voice677.wav,हामी नेपाली एकतामा बसेर हरेक काम गर्छौ र सफलता प्राप्त गर्छौ।
train\Voice64.wav,इष्टमित्रहरूले भनेका थिए- आजकल अङ्ग्रेजी नपढाईकन हुँदैन।
train\Voice511.wav,सिँचाइको लागि पनि बर्सा हुनु जरुरी छ।
train\Voice728.wav,विश्वमा नेपाललाई चिन्नेले हामी नेपालीलाई पनि चिन्दछ।
train\Voice911.wav,"एउटा घरपरिवारमा बाबु, आमा, छोरा, छोरी, दाजु, भाई आदि सबैले एक-अर्कालाई आदर र माया गर्नुपर्छ।"
train\Voice1003.wav,"बा-आमा दुवैले बडो आग्रह गरे र भने- बुहारी घरैमा हामीसँग बस्छे, तँ पढ्न जालास्‌ ।"
train\Voice885.wav,"चिनीहरूले विश्वको कुनै एक कुनामा घटेको नयाँ-नयाँ घटनाको विवरण विश्वभरि नै फिँजाउने कम गर्दछ, पत्रपत्रिकाहरूले विभिन्न सामग्रीहरू छापेर देश ।"
train\Voice651.wav,त्यस्तै नेपालको सरकारी व्यवहार चलाइने भएकोले यो नेपालको राष्ट्रभाषाका रूपमा स्थापित भएको हो।
train\Voice172.wav,उनले नेपालको भौगोलिक एकीकरण मात्र नगरी संस्कृतिक र भावनात्मक रूपमा पनि नेपाल र नेपालीलाई एक परेका हुन्।
train\Voice866.wav,"सोझो बाटो छ त्यो, जसमा अघि- पछि केवल दुई दिशातिर मात्र आउन-जान सकिन्छ ।"
train\Voice528.wav,यस चाडमा गरिने पूजा र हरेक क्रियाकलापले हामीलाई सत्मार्ग लाग्ने प्रेरणा दिन्छन्।
